nombre_de_usuario,nombres,apellidos,email,contrasena
Yuru,Emlyn,Yurukhin,eyurukhin0@yahoo.com,dW1uZu_qoL{f3C
TabY,Tabbatha,Leishman,tleishman1@cbc.ca,tD6rB)4r
Ryu,Richmound,Yu,ryu2@google.pl,yL6w\W4s9hG
CarlieWD,Carlie,Inwood,cinwood3@narod.ru,bY4HmSSui
StevenD,Demeter,Steven,dsteven4@feedburner.com,tJ0758d)O\}q33
JordiB,Jodi,Bockings,jbockings5@squidoo.com,iJ3OLuuH
Carlita1,Carlita,Macklin,cmacklin6@so-net.ne.jp,aY3Yg&Ijcl=a'bBx
Ereddin,Eada,Reddin,ereddin7@wikispaces.com,mD5xK<YzeNpQ}
Neil,Nealon,Dalbey,ndalbey8@arizona.edu,xW3'Z*`x
Gamma,Gav,Ambrogini,gambrogini9@forbes.com,cU3fV`7e>+`
Ynez_F,Ynez,Foulkes,yfoulkesa@naver.com,tV4)NA`iqij)b7fx
Buggy,Bogey,Churchman,bchurchmanb@github.com,"zP9r~H@v,"
Barb5,Barbara,Giraldon,bgiraldonc@sbwire.com,oL2.w0J8mb|)~
RodriguesB,Barbabas,Rodrigues,brodriguesd@amazon.co.uk,hJ5LTr#=4EZ
Abram,Archie,Breem,abreeme@bbb.org,bZ2IJJ8T+
Astro,Andy,Strongman,astrongmanf@ustream.tv,yF2?m8DrkFTE50X
Willy,Willie,Hanster,whansterg@plala.or.jp,iP2m/Rg'c
Avi,Averil,Guwer,aguwerh@marriott.com,pD4?XdKz
BriannaW,Brianna,Whitemarsh,bwhitemarshi@google.it,iE3CBsA4TnD|
CindyLu,Cindy,Wysome,cwysomej@miibeian.gov.cn,iS7NXl=L
Georgy,Georgeanna,Juden,gjudenk@nasa.gov,yF2.JlC#v@vmv
E_Morri,Emelita,Morrieson,emorriesonl@ifeng.com,sV6559ljn3|U
Mfench,May,Ffrench,mffrenchm@fda.gov,iB5=CY81>
Creann,Carlynn,Crean,ccreann@free.fr,fW8Her*H
Releno,Reta,Elen,releno@japanpost.jp,gO9dYAG}
